"qseqid","sseqid","sacc","pident","length","mismatch","gapopen","qcovus","qstart","qend","sstart","send","evalue","bitscore","staxid","qlen","sscinames","sseq","ntaxid","dataset","kingdom","phylum","class","order","family","genus","species","taxon","rank"
"66c41fda7d8fc5fc8e39b178faafad1d1d0e5808","gi|2074156086|gb|MW413901.1|","MW413901",93.891,311,19,0,99,3,313,419,729,7.11e-128,470,"216927",313,"Paralia sulcata","TATCAAGTGGTAATTCTCATTCTGGACCAGCTGTAGATTTAGCAATTTTTAGTTTACACCTATCTGGTGCCTCTTCTATTTTAGGAGCGATAAATTTTATTACAACTATATTAAATATGAGAACTAAAGGTATGTTCATGCACAAGCTCCCTTTATTTGTATGGTCAATTTTAATTACTGCAGTTTTATTACTTTTATCGTTACCGGTACTTGCCGGAGCAATTACAATGTTATTAACTGACAGAAATTTTAACACAACGTTTTTTGATCCTGCAGGTGGTGGAGATCCAGTATTATACCAACATTTATTT",216927,"r2",NA,"Bacillariophyta","Coscinodiscophyceae","Paraliales","Paraliaceae","Paralia","Paralia sulcata","Paralia sulcata","species"
"3d17e6bd4ace8ab34bce189e8dbdba9c9f5859ed","gi|1430075960|gb|MG935356.1|","MG935356",99.552,223,1,0,71,1,223,352,574,5.65e-109,407,"1177057",313,"Kurtiella bidentata","ACTCTCAAGTATTGCGAGCCACTCGGGAGGGTCGGTGGATCTTGCTATCTTCAGTCTTCACCTTTCAGGTATTAGTAGTATTTTAGGAGCAATTAACTTTATTACAACCGTGCTGAACATGCGAGCACCAGGGATGACAATGCACCGTTTACCGCTCTTTGTATGGTCGGTCTTCATCACCGCATGGCTTCTACTTCTGTCATTACCGGTGTTTGCGGGAGGA",1177057,"r2","Metazoa","Mollusca","Bivalvia","Galeommatida","Montacutidae","Kurtiella","Kurtiella bidentata","Kurtiella bidentata","species"
"cf933fcaf963b3377e6a2d8bf2c5a3fdabc48265","gi|2082997142|gb|MZ831927.1|","MZ831927",86.525,141,11,7,44,158,294,500,636,3.78e-31,148,"2870698",313,"Laemodonta punctatostriata","TTTGTTTGGTCTATCTTGGTTACCGTA-TT-T-TTATTACTCTTGTC-CTTACCTGTGTTAGCCGGAGCTATTACAATGCTTCTTACTGATCGAAACTTTAATACTAGTTTTTTCGACCCAGCCGGTGGAGGGGATCCTAT",2870698,"r2","Metazoa","Mollusca","Gastropoda","Ellobiida","Ellobiidae","Laemodonta","Laemodonta punctatostriata","Laemodonta punctatostriata","species"
"4db7fc5cafa31f3cd393e04977faead7e2eec40e","gi|1021781620|gb|KX013548.1|","KX013548",93.93,313,19,0,100,1,313,47056,47368,5.49e-129,473,"36881",313,"Cymbomonas tetramitiformis","ACTAAGTAGCATTACAGCGCACTCTGGAGGTGCTGTAGACTTAGCGATTTTCAGTCTTCATTTATCAGGTGCAAGTAGTATTTTAGGTGCTATTAACTTTATTACAACAATCTTCAATATGCGTGCTCCAGGAATGACAATGCATAGACTACCATTATTTGTATGGTCAGTTTTAATTACTGCATTTTTACTATTATTATCACTTCCAGTACTTGCAGGAGCAATTACAATGTTGCTTACAGATCGTAACTTCAATACTAGTTTCTTCGATCCAGCAGGAGGTGGTGATCCAATCTTATTTCAGCACCTATTC",36881,"r2","Viridiplantae","Chlorophyta","Pyramimonadophyceae","Pyramimonadales","Pyramimonadaceae","Cymbomonas","Cymbomonas tetramitiformis","Cymbomonas tetramitiformis","species"
"dc34e94bd5439da3754292d7fd9c187bf4b8c1fe","gi|1765884747|gb|MN082144.1|","MN082144",89.032,310,34,0,99,3,312,43465,43156,2.65e-102,385,"2204297",313,"Rhizaria sp.","TAAGTGGGGTTTTTGCTCATTCGGGTGCATCTGTTGATTGTGCTATATTTTCTTTACATTTAGCAGGTATTTCATCTATAGCAGGTGCTATTAATTTTATTGTAACTATTTATAATATGAGATGTAGAGGTATGACTTTTAGTCGTTTACCTTTATTTGCTTGAACTGTTTGAGTTACTGCTTTTTTATTATTATTATCATTACCTGTTCTTGCAGGTAGTATCACAATGTTGCTAACAGATCGTAATCTAAATACTACATTTTTTGATTCTGCTGGTGGAGGTGATCCTGTTCTTTATCAACATTTATT",2204297,"r2",NA,NA,NA,NA,NA,NA,"Rhizaria sp.","Rhizaria sp.","species"
"e40bc417ab8343f18d2f8ebbf81c2f7a60e77898","gi|1430075960|gb|MG935356.1|","MG935356",99.103,223,2,0,71,1,223,352,574,2.63e-107,401,"1177057",313,"Kurtiella bidentata","ACTCTCAAGTATTGCGAGCCACTCGGGAGGGTCGGTGGATCTTGCTATCTTCAGTCTTCACCTTTCAGGTATTAGTAGTATTTTAGGAGCAATTAACTTTATTACAACCGTGCTGAACATGCGAGCACCAGGGATGACAATGCACCGTTTACCGCTCTTTGTATGGTCGGTCTTCATCACCGCATGGCTTCTACTTCTGTCATTACCGGTGTTTGCGGGAGGA",1177057,"r2","Metazoa","Mollusca","Bivalvia","Galeommatida","Montacutidae","Kurtiella","Kurtiella bidentata","Kurtiella bidentata","species"
"5c77f469c035bf959236be438eb0a4995bfbe3df","gi|313585746|gb|HQ013210.1|","HQ013210",87.143,140,18,0,45,174,313,50,189,1.75e-34,159,"929565",313,"Phytophthora constricta","TAATTACAGCTTTTTTATTATTATTAACATTACCAGTTTTAGCTGGGGCAATTACCATGTTATTAACTGATAGAAATTTTAATACTTCATTTTATGATCCTTCAGGTGGAGGTGATCCTGTATTATATCAACATTTATTT",929565,"r2",NA,"Oomycota",NA,"Peronosporales","Peronosporaceae","Phytophthora","Phytophthora constricta","Phytophthora constricta","species"
"71925db1484cbc7f06cf8024a60a1bd3201632f3","gi|23344058|gb|AF538053.1|MBREV","AF538053",85.859,297,38,4,94,19,313,46157,46451,1.27e-80,313,"81824",313,"Monosiga brevicollis","CCATTCAGGAGGTTCTGTAGATTTAGCTATATTTAGTTTACATTTAGCTGGAGTTTCATCATTATTAGGTGCTTCAAATTTTATAACAACAATATTAAATATGAGAGCTCCTGGTATGACAATGCATA-AATTACCCTTATTTGTTTGAGCGGTATTTATTACAGCTATTTTATTATTATTATCATTACCTGTATTAGCTGCAGGAATAACAATGTTATTAACTGATAGAAACTTTAATACTAGCTTT-TTTGATCCTGCTGGAGGAGGAGACCCTATATTATATCAACATTTATTT",81824,"r2",NA,NA,"Choanoflagellata","Craspedida","Salpingoecidae","Monosiga","Monosiga brevicollis","Monosiga brevicollis","species"
"431013dc964e02b127a82ffa774ef1649197be83","gi|1523769289|gb|MH535935.1|","MH535935",88.667,300,31,3,95,16,313,142,440,1.24e-95,363,"1892891",313,"Amoebozoa sp.","AAGCTCATTCAGGGGGTGCTGTTGATTTAGCTATTTTTAGTTTACATTTAGCAGGTGTTTCTTCGTTATTAGGGGCTATTAATTTTATTACAACTATTTTTAATATGAGATCTCC-AAATATGGAATGGCATAGATTACCTTTATTTGTTTGGTCTGTTTTAATTACTGCAGTTTTATTATTATTATCATTACCTGTTTTAGCAGGAGCTATTACTATGTTATTAACTGATCGTAATTTTAATACAACTTTTTTTGATGCTTCAGGAGGTGGAGATCCTATTTTATATCAACATTTATTT",1892891,"r2",NA,NA,NA,NA,NA,NA,"Amoebozoa sp.","Amoebozoa sp.","species"
"fe2474ad130943c219ad2042726617c32354081b","gi|528750159|gb|KC993186.1|","KC993186",86.709,316,34,7,99,2,313,494,805,4.49e-90,344,"36911",313,"Clavispora lusitaniae","TTATCATCAATAAATGCTCATTCAGGACC-T-AGTGTAGATTTAGCTATATTTGCTTTACATTTAACAAGTATCTCTAGTTTATTAGGTGCTATTAATTTTATAGTTACTGTATTAAATATGCGTACTATAGGTTTACATATGGT-AA-ATGCACCTTTATTTGTATGAGCTATATTCTTTACAGCTATATTATTATTATTATCATTACCTGTATTAACAGCAGGTGTAACATTATTATTAATGGATAGAAACTTTAATACAGGTTTCTACGAAGTTGCTGCGGGAGGAGATCCAGTATTATACCAACATTTATTT",36911,"r2","Fungi","Ascomycota","Saccharomycetes","Saccharomycetales","Metschnikowiaceae","Clavispora","Clavispora lusitaniae","Clavispora lusitaniae","species"
"ca281d845bf44275d58a54d46698e606853a293e","gi|1321104180|gb|MG256140.1|","MG256140",99.24,263,2,0,85,1,263,346,608,1.51e-129,475,"2068800",310,"Promesostoma dipterostylum","TCTTTCGTCCAATATTGCAATGGAAGGAGCAAGAATGGATTTAGCAATTTTTTCGCTGCATTTAGCAGGTGTTAGTTCAATTTTAGGTGCATTAAATTTTATAAGAACTATAACTAATTTAAAGGGTAATGTGGGTTGAGGCCGACTTTCATTATTTATTTGAGCAGTATTTATAACTGCTTATTTGTTACTTTTATCACTTCCAGTTTTAGCTGGTGGCTTGACTATGCTCCTTACAGATCGTAAATTTAATACTTGTTTTT",2068800,"r2","Metazoa","Platyhelminthes","Rhabditophora","Rhabdocoela","Promesostomidae","Promesostoma","Promesostoma dipterostylum","Promesostoma dipterostylum","species"
"d5dbea9990ed3d0be5348935de0f987409706fd2","gi|2074156086|gb|MW413901.1|","MW413901",92.949,312,22,0,99,2,313,418,729,1.99e-123,455,"216927",313,"Paralia sulcata","TTATCAAGTGGTAATTCTCATTCTGGACCAGCTGTAGATTTAGCAATTTTTAGTTTACACCTATCTGGTGCCTCTTCTATTTTAGGAGCGATAAATTTTATTACAACTATATTAAATATGAGAACTAAAGGTATGTTCATGCACAAGCTCCCTTTATTTGTATGGTCAATTTTAATTACTGCAGTTTTATTACTTTTATCGTTACCGGTACTTGCCGGAGCAATTACAATGTTATTAACTGACAGAAATTTTAACACAACGTTTTTTGATCCTGCAGGTGGTGGAGATCCAGTATTATACCAACATTTATTT",216927,"r2",NA,"Bacillariophyta","Coscinodiscophyceae","Paraliales","Paraliaceae","Paralia","Paralia sulcata","Paralia sulcata","species"
"6355c9353c319932368746e09c14d7a1fce9c623","gi|2091533274|ref|NC_057617.1|","NC_057617",86.822,258,30,4,82,44,299,7183,7438,2.76e-72,285,"27322",313,"Metschnikowia bicuspidata","ATTATTTTTGCCCTACATTTAACAAGTATATCAAGTTTATTAGGTGCAATTAATTTTATAGTTACTTTTATA-AATATGAGAACTATAGGATTACATATG-ATAAATGCACCATTATTTGTATGAGCTATATTCTTTACAGCTATATTATTATTATTATCATTACCTGTATTAACAGCAGGTGTTACATTATTATTAATGGATAGAAATTTTAATACTGGTTTCTATGAAGTAGCTGCAGGTGGAGATCCTGTTTTAT",27322,"r2","Fungi","Ascomycota","Saccharomycetes","Saccharomycetales","Metschnikowiaceae","Metschnikowia","Metschnikowia bicuspidata","Metschnikowia bicuspidata","species"
"eef9d39f082da926d4c85b94ab764c57334fd899","gi|383084682|dbj|AB706242.1|","AB706242",85.065,308,46,0,99,5,312,332,639,3.51e-81,315,"216823",312,"Skeletonema menzelii","TCAAGTGCAACAGCTCATTCTGGTGGCTCTGTAGATTTAGCAATATTTAGTTTGCACTTATCAGGTGCGTCTTCTATTTTAGGTGCTATTAACTTCATTTGTACTATTTTCAATATGCGAGTAAAAAGTTTATCTTTTCATAATCTTCCTTTATTCGTATGGTCTGTTTTAATAACAGCATTTTTATTATTGCTATCTTTACCTGTTCTAGCAGGAGCTATTACAATGTTATTAACAGATAGAAATTTTAATACTACTTTCTTTGACCCTGCTGGTGGAGGCGATCCTGTTTTATTTCAGCATCTTTT",216823,"r2",NA,"Bacillariophyta","Coscinodiscophyceae","Thalassiosirales","Skeletonemataceae","Skeletonema","Skeletonema menzelii","Skeletonema menzelii","species"
"86067bb48f79697c75ab8b4400166beaaf1d8ae8","gi|1108657913|gb|KX025124.1|","KX025124",85.214,257,38,0,82,35,291,382,638,3.6e-66,265,"52969",313,"Ascophyllum nodosum","GTTGACTTAGCTATATTTAGTCTTCACCTTTCAGGTGCAGCCTCTATTTTAGGTGCCATTAATTTTATTACAACTATTTTTAATATGCGTGCCCCAGGTATGAGTATGCATCGTTTACCTTTATTTGTTTGGTCAGTTTTAATTACGGCATTTTTACTTCTGCTATCGCTTCCTGTCTTAGCCGGCGGTATTACTATGTTGCTAACTGATCGAAATTTCAATACTACGTTTTTTGATCCAGCAGGTGGTGGTGATCC",52969,"r2",NA,NA,"Phaeophyceae","Fucales","Fucaceae","Ascophyllum","Ascophyllum nodosum","Ascophyllum nodosum","species"
"110ceec3c95452b4d1482308f2f46cad38e909ca","gi|1450114863|gb|MH349032.1|","MH349032",86.149,296,37,3,94,20,313,352,645,9.8e-82,316,"2301598",313,"Vexillifera kereti","CATTCTGGTGGTTCAGTAGATTTAGCTATTTTTAGTTTACATTTAGCAGGTATTTCGTCATTATTAGGTGCTATTAATTTTATTACAACTATTTTTAATATGAGAGCAAAT-A-ATTTTAGTATATATAAAATGCCTTTATTTGTTTGAGCAGTATTAATTACAGCTTTTTTATTATTATTATCATTACCTGTATTAGCTGGAGCTATTACTATGCTTTTAACTGATAGAAATTTTAATACTACTTTTTTTGACCCAGCAGGAGGAGGTGATCCTATATTGTATCAACATTTATTT",2301598,"r2",NA,"Discosea","Flabellinia","Dactylopodida","Vexilliferidae","Vexillifera","Vexillifera kereti","Vexillifera kereti","species"
"bbc2dc3c93669ce36ef9c6ee5850ebcb8430e0e7","gi|1788196777|gb|MK990594.1|","MK990594",88.462,312,36,0,99,2,313,94,405,4.43e-100,377,"308475",313,"Paramoeba branchiphila","TTATCTAGTGTTGTTGCTCATTCAGCTCCAGCCGTTGATTTAGCTATATTTAGTTTACATATTGCTGGTGTTTCTTCATTAGCTGGTTCTATTAATTATATTACTACTATCTTAAATATGAGAGTAGCTAAATATGATTTATTTAGATTACCTTTATTTATTTGAGCTATGTTAATCACTGCTTATTTATTAGTTTTTACTTTACCTGTTTTAGCTGGTGCTATTACTATGTTATTAACTGATAGAAATTTTAATACTTCTTTTTTTGATCCTGCTGGTGGTGGTGATCCAATTTTATTTCAACATTTATTT",308475,"r2",NA,"Discosea","Flabellinia","Dactylopodida","Paramoebidae","Paramoeba","Paramoeba branchiphila","Paramoeba branchiphila","species"
"c93afb8e07200ffb19f85bba0e1ae0ea782bcb2e","gi|951291596|gb|KU052360.1|","KU052360",85.714,252,36,0,81,1,252,306,557,1e-66,267,"1752051",313,"Paraplaconeis kornevae","TTTATCTGGAATAACAGCTCATTCTGGAGGTTCTGTTGATTTAGCTATTTTTAGTTTACATCTTTCTGGTGCTGCTTCTATTTTAGGAGCTATTAATTTTATTTGTACTATTACTAATATGCGAGCAAAAAGTTTACCATTTCATAGATTACCTTTGTTTGCTTGGTCTATTTTTATTACTGCTTTTTTATTACTTCTATCATTACCAGTTTTAGCAGGTGCTATTACTATGTTATTAACTGATAGAAATTT",1752051,"r2",NA,"Bacillariophyta","Bacillariophyceae","Cymbellales","Cymbellaceae","Paraplaconeis","Paraplaconeis kornevae","Paraplaconeis kornevae","species"
"5b4075ce56490df59de754da1f79be2473112a43","gi|1430075960|gb|MG935356.1|","MG935356",99.099,222,2,0,71,2,223,353,574,9.46e-107,399,"1177057",313,"Kurtiella bidentata","CTCTCAAGTATTGCGAGCCACTCGGGAGGGTCGGTGGATCTTGCTATCTTCAGTCTTCACCTTTCAGGTATTAGTAGTATTTTAGGAGCAATTAACTTTATTACAACCGTGCTGAACATGCGAGCACCAGGGATGACAATGCACCGTTTACCGCTCTTTGTATGGTCGGTCTTCATCACCGCATGGCTTCTACTTCTGTCATTACCGGTGTTTGCGGGAGGA",1177057,"r2","Metazoa","Mollusca","Bivalvia","Galeommatida","Montacutidae","Kurtiella","Kurtiella bidentata","Kurtiella bidentata","species"
